game_id,date,home_team,away_team,league,home_Possession_value,away_Possession_value,home_Passing Accuracy_value,home_Passing Accuracy_attempts,away_Passing Accuracy_value,away_Passing Accuracy_attempts,home_Shots on Target_value,home_Shots on Target_attempts,away_Shots on Target_value,away_Shots on Target_attempts,home_Saves_value,home_Saves_attempts,away_Saves_value,away_Saves_attempts,home_goals,away_goals,home_xg,away_xg,home_Fouls,away_Fouls,home_Corners,away_Corners,home_Crosses,away_Crosses,home_Touches,away_Touches,home_Tackles,away_Tackles,home_Interceptions,away_Interceptions,home_Aerials Won,away_Aerials Won,home_Clearances,away_Clearances,home_Offsides,away_Offsides,home_Goal Kicks,away_Goal Kicks,home_Throw Ins,away_Throw Ins,home_Long Balls,away_Long Balls
Inter-Miami-Real-Salt-Lake-February-21-2024-Major-League-Soccer,2024-02-21,Inter Miami,Real Salt Lake,Major League Soccer,55%,45%,473,572,385,465,7,15,2,17,2,2,5,7,2,0,1.4,0.8,12,8,6,5,6,10,679,579,20,9,17,13,4,6,17,14,5,1,9,7,9,10,53,54
Los-Angeles-FC-Seattle-Sounders-FC-February-24-2024-Major-League-Soccer,2024-02-24,Los Angeles FC,Seattle Sounders FC,Major League Soccer,44%,56%,302,399,420,505,6,17,6,15,6,6,4,6,2,1,1.5,1.8,16,6,6,2,14,15,508,632,22,23,11,8,14,11,14,16,2,0,8,7,16,23,71,78
Columbus-Crew-Atlanta-United-February-24-2024-Major-League-Soccer,2024-02-24,Columbus Crew,Atlanta United,Major League Soccer,48%,52%,453,541,494,584,2,14,2,8,2,2,1,2,1,0,1.8,0.5,8,13,3,2,9,14,658,690,20,23,17,9,5,6,4,15,7,2,10,5,22,18,51,66
FC-Cincinnati-Toronto-FC-February-25-2024-Major-League-Soccer,2024-02-25,FC Cincinnati,Toronto FC,Major League Soccer,52%,48%,406,500,377,470,5,17,3,9,3,3,5,5,0,0,0.9,0.5,14,16,8,3,20,14,613,582,19,25,8,9,20,7,15,14,4,2,4,7,21,12,57,65
Nashville-SC-New-York-Red-Bulls-February-25-2024-Major-League-Soccer,2024-02-25,Nashville SC,New York Red Bulls,Major League Soccer,45%,55%,337,458,445,563,3,5,5,18,5,5,3,3,0,0,0.1,1.4,13,15,3,5,12,12,577,677,18,13,7,8,19,33,31,13,1,2,10,6,17,24,93,74
Portland-Timbers-Colorado-Rapids-February-24-2024-Major-League-Soccer,2024-02-24,Portland Timbers,Colorado Rapids,Major League Soccer,41%,59%,316,410,506,596,3,7,3,12,2,3,0,3,4,1,0.5,1.2,11,15,4,4,17,24,516,692,20,17,7,4,16,16,28,15,3,3,9,4,14,27,62,50
Philadelphia-Union-Chicago-Fire-February-24-2024-Major-League-Soccer,2024-02-24,Philadelphia Union,Chicago Fire,Major League Soccer,55%,45%,393,509,314,421,6,16,4,10,2,4,4,6,2,2,2.1,1.6,13,12,10,3,34,14,617,540,18,9,4,7,21,20,18,38,4,1,4,7,22,12,78,56
DC-United-New-England-Revolution-February-24-2024-Major-League-Soccer,2024-02-24,D.C. United,New England Revolution,Major League Soccer,53%,47%,343,459,279,402,5,30,5,10,4,5,2,5,3,1,4.5,0.8,17,12,7,5,22,8,587,528,14,14,11,5,22,13,15,28,0,2,4,12,13,19,64,76
St-Louis-City-Real-Salt-Lake-February-24-2024-Major-League-Soccer,2024-02-24,St. Louis City,Real Salt Lake,Major League Soccer,40%,60%,248,392,456,585,4,14,2,16,1,2,3,4,1,1,0.7,1.7,15,13,4,7,17,17,514,736,19,19,17,15,18,14,14,21,0,6,7,8,23,23,65,97
Austin-FC-Minnesota-United-February-24-2024-Major-League-Soccer,2024-02-24,Austin FC,Minnesota United,Major League Soccer,52%,48%,341,445,303,419,2,9,10,22,8,10,1,2,1,2,1.1,3.0,14,13,4,16,15,28,574,538,21,20,4,14,18,14,38,18,1,2,5,6,28,20,91,79
Orlando-City-CF-Montreal-February-24-2024-Major-League-Soccer,2024-02-24,Orlando City,CF Montréal,Major League Soccer,60%,40%,572,687,354,457,4,15,5,9,5,5,4,4,0,0,0.9,1.0,15,9,9,1,33,7,775,574,10,16,9,6,11,6,11,27,6,1,6,12,21,12,56,67
FC-Dallas-San-Jose-Earthquakes-February-24-2024-Major-League-Soccer,2024-02-24,FC Dallas,San Jose Earthquakes,Major League Soccer,53%,47%,423,527,376,467,9,21,5,10,4,5,7,9,2,1,1.0,0.9,10,15,10,1,22,15,628,573,9,13,10,13,7,9,13,21,1,1,8,9,17,19,65,68
Charlotte-FC-New-York-City-FC-February-24-2024-Major-League-Soccer,2024-02-24,Charlotte FC,New York City FC,Major League Soccer,38%,62%,278,381,505,614,4,10,2,12,2,2,3,4,1,0,2.0,0.5,13,17,2,4,15,23,486,699,14,6,12,7,7,10,21,12,1,1,7,4,20,22,88,62
Houston-Dynamo-Sporting-Kansas-City-February-24-2024-Major-League-Soccer,2024-02-24,Houston Dynamo,Sporting Kansas City,Major League Soccer,60%,40%,556,660,339,439,4,12,2,6,1,2,3,4,1,1,1.0,0.2,13,12,5,3,14,14,736,529,10,13,10,11,13,7,12,27,3,1,4,7,17,15,73,66
LA-Galaxy-Inter-Miami-February-25-2024-Major-League-Soccer,2024-02-25,LA Galaxy,Inter Miami,Major League Soccer,37%,63%,289,353,517,605,8,23,5,11,4,5,7,8,1,1,3.2,0.6,14,19,3,6,16,15,478,688,11,13,11,5,6,2,27,17,0,3,2,9,13,15,49,46
Real-Salt-Lake-Los-Angeles-FC-March-2-2024-Major-League-Soccer,2024-03-02,Real Salt Lake,Los Angeles FC,Major League Soccer,58%,42%,324,454,189,326,6,12,6,16,6,6,3,6,3,0,2.3,0.7,16,18,4,8,16,25,579,439,18,27,8,13,9,1,30,15,2,3,9,4,16,22,93,82
Minnesota-United-Columbus-Crew-March-2-2024-Major-League-Soccer,2024-03-02,Minnesota United,Columbus Crew,Major League Soccer,44%,56%,326,444,462,573,4,10,6,12,5,6,3,4,1,1,0.8,1.4,17,4,5,3,25,8,559,699,16,17,15,10,11,14,9,29,4,3,4,7,23,10,75,52
Inter-Miami-Orlando-City-March-2-2024-Major-League-Soccer,2024-03-02,Inter Miami,Orlando City,Major League Soccer,47%,53%,400,482,449,533,5,11,3,9,3,3,0,5,5,0,2.8,0.8,18,12,1,5,4,24,584,622,12,16,11,11,2,6,20,10,3,1,9,6,12,17,49,49
New-England-Revolution-Toronto-FC-March-3-2024-Major-League-Soccer,2024-03-03,New England Revolution,Toronto FC,Major League Soccer,63%,37%,612,708,326,410,6,23,2,8,1,2,6,6,0,1,1.8,0.7,11,16,11,0,30,5,801,528,13,14,5,11,10,9,11,32,3,5,6,10,15,17,51,76
Vancouver-Whitecaps-FC-Charlotte-FC-March-2-2024-Major-League-Soccer,2024-03-02,Vancouver Whitecaps FC,Charlotte FC,Major League Soccer,49%,51%,425,522,449,535,5,11,5,7,4,5,4,5,1,1,1.0,1.3,7,11,5,5,23,24,609,642,11,12,11,11,13,18,22,46,1,0,3,9,21,15,79,70
Houston-Dynamo-New-York-Red-Bulls-March-2-2024-Major-League-Soccer,2024-03-02,Houston Dynamo,New York Red Bulls,Major League Soccer,57%,43%,465,570,343,432,5,13,5,12,3,5,4,5,1,2,1.2,1.0,13,13,4,7,15,16,652,548,11,15,4,10,14,14,9,26,3,1,9,11,24,12,68,69
St-Louis-City-New-York-City-FC-March-2-2024-Major-League-Soccer,2024-03-02,St. Louis City,New York City FC,Major League Soccer,45%,55%,314,427,384,512,3,16,1,7,1,1,1,3,2,0,0.8,0.5,21,13,5,3,21,11,562,648,17,30,8,8,17,10,18,21,3,1,6,14,27,25,55,90
FC-Dallas-CF-Montreal-March-2-2024-Major-League-Soccer,2024-03-02,FC Dallas,CF Montréal,Major League Soccer,55%,45%,518,613,408,506,7,11,6,11,4,6,6,7,1,2,0.9,1.5,18,6,4,4,15,8,689,600,9,12,8,12,7,3,8,16,0,3,4,9,21,10,47,54
Sporting-Kansas-City-Philadelphia-Union-March-2-2024-Major-League-Soccer,2024-03-02,Sporting Kansas City,Philadelphia Union,Major League Soccer,59%,41%,532,626,347,444,7,12,2,7,1,2,6,7,1,1,0.9,0.5,9,13,7,2,14,13,714,542,7,18,10,10,11,12,8,10,2,1,9,6,20,22,80,67
Chicago-Fire-FC-Cincinnati-March-2-2024-Major-League-Soccer,2024-03-02,Chicago Fire,FC Cincinnati,Major League Soccer,51%,49%,398,484,370,465,0,4,5,14,3,5,0,0,1,2,1.0,0.9,16,12,3,9,15,16,581,569,18,18,10,7,12,10,13,10,1,3,8,10,16,15,64,54
California-Clasico-San-Jose-Earthquakes-LA-Galaxy-March-2-2024-Major-League-Soccer,2024-03-02,San Jose Earthquakes,LA Galaxy,Major League Soccer,47%,53%,444,554,536,622,3,12,6,6,3,6,2,3,1,3,0.8,1.6,18,8,10,2,32,6,650,735,24,10,13,13,13,9,11,26,1,0,3,6,16,17,62,63
Seattle-Sounders-FC-Austin-FC-March-2-2024-Major-League-Soccer,2024-03-02,Seattle Sounders FC,Austin FC,Major League Soccer,57%,43%,444,555,301,411,3,23,1,2,1,1,3,3,0,0,1.2,0.0,14,18,9,0,35,10,654,526,14,20,8,13,16,12,10,30,2,1,1,11,23,14,65,69
Colorado-Rapids-Nashville-SC-March-2-2024-Major-League-Soccer,2024-03-02,Colorado Rapids,Nashville SC,Major League Soccer,51%,49%,427,514,384,495,2,8,1,6,1,1,2,2,1,1,0.6,1.5,16,7,1,3,18,20,598,578,8,8,8,5,10,19,19,27,2,1,10,15,20,20,61,93
Portland-Timbers-DC-United-March-2-2024-Major-League-Soccer,2024-03-02,Portland Timbers,D.C. United,Major League Soccer,42%,58%,255,372,378,524,3,10,7,11,6,7,1,3,2,2,0.8,2.0,15,15,4,8,12,28,531,645,21,28,9,17,19,15,35,13,1,5,6,8,20,16,73,76
Toronto-FC-Charlotte-FC-March-9-2024-Major-League-Soccer,2024-03-09,Toronto FC,Charlotte FC,Major League Soccer,59%,41%,517,623,324,438,3,10,3,10,3,3,2,3,1,0,0.5,0.9,12,13,6,7,15,18,735,551,18,23,10,9,14,16,20,27,3,1,8,6,19,23,65,69
New-York-City-FC-Portland-Timbers-March-9-2024-Major-League-Soccer,2024-03-09,New York City FC,Portland Timbers,Major League Soccer,41%,59%,317,418,483,595,6,11,3,9,1,3,5,6,1,2,1.3,0.9,26,15,7,6,22,13,542,709,15,25,15,8,6,14,24,24,8,1,4,6,18,14,65,73
Nashville-SC-LA-Galaxy-March-10-2024-Major-League-Soccer,2024-03-10,Nashville SC,LA Galaxy,Major League Soccer,38%,63%,336,435,617,725,3,12,7,18,5,7,2,3,2,2,1.3,1.9,15,7,3,9,17,18,560,822,19,13,13,16,14,15,24,11,1,3,6,6,11,16,82,50
FC-Cincinnati-DC-United-March-10-2024-Major-League-Soccer,2024-03-10,FC Cincinnati,D.C. United,Major League Soccer,58%,42%,402,513,252,376,7,15,4,14,4,4,7,7,0,0,1.7,0.5,12,13,5,9,11,23,664,531,22,30,9,7,22,13,28,26,2,0,9,8,21,24,75,84
Inter-Miami-CF-Montreal-March-10-2024-Major-League-Soccer,2024-03-10,Inter Miami,CF Montréal,Major League Soccer,60%,40%,516,619,338,409,4,14,4,12,1,4,2,4,2,3,2.7,2.0,15,9,3,3,26,8,713,527,19,10,8,6,3,8,8,28,5,1,4,12,13,15,54,47
Atlanta-United-New-England-Revolution-March-9-2024-Major-League-Soccer,2024-03-09,Atlanta United,New England Revolution,Major League Soccer,45%,55%,354,436,453,533,7,19,5,14,4,5,5,7,4,1,3.2,0.7,15,9,3,3,15,13,526,617,16,9,7,10,8,5,9,11,0,0,8,14,21,11,52,55
New-York-Red-Bulls-FC-Dallas-March-9-2024-Major-League-Soccer,2024-03-09,New York Red Bulls,FC Dallas,Major League Soccer,41%,59%,348,446,541,645,8,17,2,13,1,2,7,8,2,1,2.0,0.7,16,14,2,1,7,16,558,749,17,13,8,7,11,12,22,19,3,1,6,9,15,20,57,59
Orlando-City-Minnesota-United-March-9-2024-Major-League-Soccer,2024-03-09,Orlando City,Minnesota United,Major League Soccer,59%,41%,403,516,243,354,6,22,4,9,1,4,4,6,2,3,4.1,1.4,7,14,8,4,28,11,641,478,17,21,3,13,13,19,11,33,1,3,7,13,30,14,74,78
Columbus-Crew-Chicago-Fire-March-9-2024-Major-League-Soccer,2024-03-09,Columbus Crew,Chicago Fire,Major League Soccer,58%,42%,527,614,347,438,10,18,2,11,1,2,8,10,2,1,1.3,1.9,11,10,6,5,27,19,740,573,10,24,9,14,8,13,20,30,3,1,5,7,19,17,48,54
San-Jose-Earthquakes-Vancouver-Whitecaps-FC-March-9-2024-Major-League-Soccer,2024-03-09,San Jose Earthquakes,Vancouver Whitecaps FC,Major League Soccer,60%,40%,527,638,326,425,2,9,3,8,1,3,2,2,0,2,0.6,0.7,14,15,8,6,26,12,721,538,10,19,3,13,13,15,18,28,0,2,4,4,19,20,56,73
Austin-FC-St-Louis-City-March-9-2024-Major-League-Soccer,2024-03-09,Austin FC,St. Louis City,Major League Soccer,41%,59%,197,319,333,467,2,5,6,16,5,6,0,2,2,2,1.0,2.0,17,14,5,12,16,37,446,585,19,11,6,6,12,20,47,22,1,0,8,2,27,23,92,72
Real-Salt-Lake-Colorado-Rapids-March-9-2024-Major-League-Soccer,2024-03-09,Real Salt Lake,Colorado Rapids,Major League Soccer,61%,39%,464,576,263,363,4,9,5,10,4,5,3,4,1,2,1.3,1.6,15,12,3,0,18,6,687,490,11,27,6,12,15,13,18,14,4,1,7,4,20,21,56,74
Los-Angeles-FC-Sporting-Kansas-City-March-9-2024-Major-League-Soccer,2024-03-09,Los Angeles FC,Sporting Kansas City,Major League Soccer,40%,60%,332,422,546,634,6,16,6,16,6,6,6,6,0,0,1.5,0.6,19,10,6,8,14,15,519,738,17,15,4,9,9,7,19,18,2,0,11,7,13,13,58,72
Seattle-Sounders-FC-Colorado-Rapids-March-16-2024-Major-League-Soccer,2024-03-16,Seattle Sounders FC,Colorado Rapids,Major League Soccer,48%,52%,359,467,409,511,2,7,7,16,6,7,2,2,1,1,1.1,2.3,15,15,6,4,22,19,578,618,13,18,11,5,10,10,20,15,0,2,8,4,18,19,81,70
Chicago-Fire-CF-Montreal-March-16-2024-Major-League-Soccer,2024-03-16,Chicago Fire,CF Montréal,Major League Soccer,61%,39%,508,632,297,402,9,21,2,7,1,2,6,9,4,3,2.2,3.0,14,17,9,1,30,6,743,527,16,18,10,10,18,7,7,32,5,1,5,10,20,22,66,75
DC-United-Inter-Miami-March-16-2024-Major-League-Soccer,2024-03-16,D.C. United,Inter Miami,Major League Soccer,48%,52%,303,415,340,445,7,15,7,17,4,7,6,7,1,3,1.4,2.3,19,12,8,5,26,20,516,546,8,18,12,10,21,10,14,21,3,2,10,11,18,15,73,87
New-York-City-FC-Toronto-FC-March-16-2024-Major-League-Soccer,2024-03-16,New York City FC,Toronto FC,Major League Soccer,53%,47%,410,493,342,434,9,17,1,13,0,1,7,9,2,1,1.4,1.3,15,22,6,4,16,10,606,557,14,21,11,5,6,12,14,22,1,2,9,12,23,21,61,72
Columbus-Crew-New-York-Red-Bulls-March-16-2024-Major-League-Soccer,2024-03-16,Columbus Crew,New York Red Bulls,Major League Soccer,59%,41%,561,645,376,450,3,13,2,3,2,2,0,3,3,0,2.0,0.3,13,15,7,1,11,6,736,552,17,18,3,10,7,10,5,13,1,0,2,8,14,12,43,58
New-England-Revolution-FC-Cincinnati-March-17-2024-Major-League-Soccer,2024-03-17,New England Revolution,FC Cincinnati,Major League Soccer,61%,39%,550,656,325,422,7,16,5,13,3,5,6,7,1,2,1.2,1.0,12,13,7,3,28,3,753,537,18,31,2,5,10,7,8,30,0,4,7,9,16,20,60,59
Atlanta-United-Orlando-City-March-17-2024-Major-League-Soccer,2024-03-17,Atlanta United,Orlando City,Major League Soccer,43%,57%,359,431,483,580,7,13,3,11,3,3,5,7,2,0,0.8,0.5,16,7,5,8,12,29,544,666,14,17,7,2,13,7,30,9,1,0,12,6,7,9,71,61
Houston-Dynamo-Portland-Timbers-March-16-2024-Major-League-Soccer,2024-03-16,Houston Dynamo,Portland Timbers,Major League Soccer,58%,42%,511,589,354,434,3,9,4,16,4,4,2,3,1,0,1.1,1.5,16,11,3,4,9,8,688,524,17,12,5,6,4,8,11,9,3,1,7,7,12,18,63,61
FC-Dallas-Vancouver-Whitecaps-FC-March-16-2024-Major-League-Soccer,2024-03-16,FC Dallas,Vancouver Whitecaps FC,Major League Soccer,58%,42%,538,646,354,461,3,12,3,6,0,3,2,3,1,3,1.0,1.2,13,10,3,2,23,16,731,554,6,13,8,11,17,14,15,24,0,5,4,10,20,19,64,82
Minnesota-United-Los-Angeles-FC-March-16-2024-Major-League-Soccer,2024-03-16,Minnesota United,Los Angeles FC,Major League Soccer,49%,51%,366,504,370,520,3,9,2,9,2,2,1,3,2,0,0.8,1.6,15,17,3,7,14,12,627,641,18,22,13,8,10,8,25,25,1,5,11,4,22,28,75,76
Sporting-Kansas-City-San-Jose-Earthquakes-March-16-2024-Major-League-Soccer,2024-03-16,Sporting Kansas City,San Jose Earthquakes,Major League Soccer,51%,49%,471,558,450,535,3,5,6,13,5,6,1,3,2,1,1.0,1.3,12,16,3,5,11,17,653,631,14,14,11,12,8,5,22,17,1,1,9,3,18,20,63,47
LA-Galaxy-St-Louis-City-March-16-2024-Major-League-Soccer,2024-03-16,LA Galaxy,St. Louis City,Major League Soccer,66%,34%,566,677,255,346,8,16,5,19,3,5,5,8,3,3,2.5,2.1,13,21,4,3,15,18,790,489,11,16,10,10,10,7,16,32,2,2,8,2,24,22,62,60
Nashville-SC-Charlotte-FC-March-16-2024-Major-League-Soccer,2024-03-16,Nashville SC,Charlotte FC,Major League Soccer,52%,48%,464,557,423,510,2,8,4,9,3,4,0,2,2,1,1.1,1.3,9,14,4,3,27,20,660,592,14,8,6,10,14,12,24,16,3,1,4,9,12,19,64,65
Austin-FC-Philadelphia-Union-March-16-2024-Major-League-Soccer,2024-03-16,Austin FC,Philadelphia Union,Major League Soccer,54%,46%,331,420,280,362,2,13,5,16,4,5,0,2,2,2,1.2,2.4,12,19,5,5,19,23,511,479,6,21,7,6,9,14,15,27,1,6,8,6,19,15,85,64
New-York-Red-Bulls-Inter-Miami-March-23-2024-Major-League-Soccer,2024-03-23,New York Red Bulls,Inter Miami,Major League Soccer,31%,69%,243,345,612,751,6,12,2,7,2,2,2,6,4,0,1.2,0.3,16,5,6,3,15,15,469,838,6,9,12,9,10,13,16,13,0,2,10,11,19,19,61,74
New-England-Revolution-Chicago-Fire-March-23-2024-Major-League-Soccer,2024-03-23,New England Revolution,Chicago Fire,Major League Soccer,64%,36%,543,660,271,378,4,13,2,9,1,2,3,4,1,1,1.5,0.9,22,13,5,3,24,10,767,492,19,16,7,8,12,7,17,22,1,2,8,9,18,13,73,50
Vancouver-Whitecaps-FC-Real-Salt-Lake-March-23-2024-Major-League-Soccer,2024-03-23,Vancouver Whitecaps FC,Real Salt Lake,Major League Soccer,46%,54%,412,499,509,595,3,8,5,23,3,5,2,3,1,2,0.6,0.9,8,10,1,4,8,28,603,697,18,6,9,8,14,8,29,6,1,3,11,7,10,16,71,64
Charlotte-FC-Columbus-Crew-March-23-2024-Major-League-Soccer,2024-03-23,Charlotte FC,Columbus Crew,Major League Soccer,45%,55%,335,427,432,519,5,10,0,8,0,0,3,5,2,0,1.7,0.9,27,13,3,2,15,10,514,605,24,6,9,8,7,7,9,19,2,2,6,9,13,20,70,57
Orlando-City-Austin-FC-March-23-2024-Major-League-Soccer,2024-03-23,Orlando City,Austin FC,Major League Soccer,43%,57%,361,435,489,579,8,22,1,3,1,1,6,8,2,0,1.9,0.2,13,9,6,0,14,11,535,655,14,12,8,6,4,9,16,16,2,0,3,12,17,16,53,86
Toronto-FC-Atlanta-United-March-23-2024-Major-League-Soccer,2024-03-23,Toronto FC,Atlanta United,Major League Soccer,45%,55%,390,481,472,584,9,20,3,8,3,3,7,9,2,0,2.4,0.4,14,8,7,7,21,20,613,699,14,24,10,7,17,10,20,15,1,1,6,14,13,25,68,85
FC-Cincinnati-New-York-City-FC-March-23-2024-Major-League-Soccer,2024-03-23,FC Cincinnati,New York City FC,Major League Soccer,46%,54%,380,495,466,576,6,10,4,8,4,4,5,6,1,0,1.5,0.5,13,16,5,4,11,11,611,699,22,21,15,13,15,12,8,16,2,2,4,5,23,21,81,41
Portland-Timbers-Philadelphia-Union-March-23-2024-Major-League-Soccer,2024-03-23,Portland Timbers,Philadelphia Union,Major League Soccer,71%,29%,619,730,187,291,6,18,7,15,4,7,5,6,1,3,1.8,1.9,13,19,4,5,27,12,838,419,11,20,11,12,17,17,12,32,0,2,7,10,25,18,61,84
Sporting-Kansas-City-LA-Galaxy-March-23-2024-Major-League-Soccer,2024-03-23,Sporting Kansas City,LA Galaxy,Major League Soccer,48%,52%,451,545,492,587,9,26,7,12,4,7,7,9,2,3,2.5,1.9,12,10,6,11,23,18,664,712,21,16,7,18,9,12,17,22,0,2,6,7,14,15,53,52
Colorado-Rapids-Houston-Dynamo-March-23-2024-Major-League-Soccer,2024-03-23,Colorado Rapids,Houston Dynamo,Major League Soccer,48%,52%,395,498,459,549,3,10,2,6,1,2,3,3,0,1,0.7,0.8,15,9,6,0,22,3,577,645,9,9,9,8,11,10,7,33,3,4,6,9,24,21,69,66
St-Louis-City-DC-United-March-23-2024-Major-League-Soccer,2024-03-23,St. Louis City,D.C. United,Major League Soccer,57%,43%,333,476,202,362,4,14,3,10,1,3,3,4,2,2,2.0,1.9,15,21,6,0,21,4,620,483,16,23,12,5,35,31,20,19,3,2,6,6,26,25,78,121
San-Jose-Earthquakes-Seattle-Sounders-FC-March-23-2024-Major-League-Soccer,2024-03-23,San Jose Earthquakes,Seattle Sounders FC,Major League Soccer,41%,59%,339,417,504,612,7,13,5,14,4,5,4,7,3,2,2.2,1.4,19,17,2,8,8,31,534,697,12,13,11,7,17,17,35,14,2,0,5,5,19,18,55,78
Los-Angeles-FC-Nashville-SC-March-23-2024-Major-League-Soccer,2024-03-23,Los Angeles FC,Nashville SC,Major League Soccer,45%,55%,360,452,460,558,10,26,2,9,2,2,6,10,5,0,4.8,0.5,19,6,7,3,13,16,586,670,23,18,8,9,13,7,18,13,1,0,3,15,24,15,74,67
Colorado-Rapids-Los-Angeles-FC-March-30-2024-Major-League-Soccer,2024-03-30,Colorado Rapids,Los Angeles FC,Major League Soccer,56%,44%,402,502,311,390,5,15,8,19,6,8,2,5,3,2,1.6,1.1,10,12,8,4,29,14,619,529,24,17,4,8,15,18,18,31,0,0,7,18,18,22,84,68
Philadelphia-Union-Minnesota-United-March-30-2024-Major-League-Soccer,2024-03-30,Philadelphia Union,Minnesota United,Major League Soccer,46%,54%,287,415,371,493,4,14,5,7,5,5,2,4,2,0,2.1,0.6,8,12,8,3,31,15,518,584,14,12,10,8,22,14,16,21,5,2,3,14,21,23,95,66
Toronto-FC-Sporting-Kansas-City-March-30-2024-Major-League-Soccer,2024-03-30,Toronto FC,Sporting Kansas City,Major League Soccer,61%,39%,546,660,298,417,2,12,9,17,6,9,1,2,1,3,1.4,1.2,10,13,5,4,19,9,786,543,12,21,14,16,16,12,10,18,5,1,4,12,15,21,67,77
Inter-Miami-New-York-City-FC-March-30-2024-Major-League-Soccer,2024-03-30,Inter Miami,New York City FC,Major League Soccer,56%,44%,512,621,391,480,6,15,3,10,2,3,5,6,1,1,2.2,1.1,13,14,7,2,22,7,721,599,22,18,7,6,15,9,6,32,2,0,4,9,22,17,58,57
Orlando-City-New-York-Red-Bulls-March-30-2024-Major-League-Soccer,2024-03-30,Orlando City,New York Red Bulls,Major League Soccer,65%,35%,616,714,277,379,3,14,1,6,1,1,3,3,1,1,0.7,1.8,8,14,7,2,25,6,813,488,11,20,3,5,11,18,7,37,1,1,3,14,30,13,63,65
DC-United-CF-Montreal-March-30-2024-Major-League-Soccer,2024-03-30,D.C. United,CF Montréal,Major League Soccer,44%,56%,301,415,422,523,5,22,1,7,1,1,4,5,1,0,2.1,0.8,9,14,9,8,27,16,531,667,20,12,11,8,15,11,14,36,2,0,4,10,21,21,74,67
Charlotte-FC-FC-Cincinnati-March-30-2024-Major-League-Soccer,2024-03-30,Charlotte FC,FC Cincinnati,Major League Soccer,39%,61%,294,387,517,617,2,15,5,17,4,5,2,2,1,1,2.3,1.6,6,14,3,5,23,15,499,725,19,14,10,10,9,13,12,19,1,3,10,12,23,28,69,59
Atlanta-United-Chicago-Fire-March-31-2024-Major-League-Soccer,2024-03-31,Atlanta United,Chicago Fire,Major League Soccer,51%,49%,456,536,422,516,7,21,3,11,3,3,4,7,3,0,2.7,0.7,8,5,3,4,16,16,660,618,12,21,7,9,11,5,28,15,2,2,5,8,24,19,52,59
Houston-Dynamo-San-Jose-Earthquakes-March-30-2024-Major-League-Soccer,2024-03-30,Houston Dynamo,San Jose Earthquakes,Major League Soccer,80%,20%,714,815,141,202,8,15,2,2,1,2,6,8,2,1,0.8,0.2,13,11,10,1,39,7,911,348,14,18,2,6,15,10,11,56,1,0,1,7,25,18,78,43
Vancouver-Whitecaps-FC-Portland-Timbers-March-30-2024-Major-League-Soccer,2024-03-30,Vancouver Whitecaps FC,Portland Timbers,Major League Soccer,44%,56%,484,553,635,713,4,13,4,11,2,4,1,4,3,2,2.4,1.1,13,6,1,0,6,8,664,812,21,13,8,5,7,6,23,12,3,1,4,7,10,22,55,80
Nashville-SC-Columbus-Crew-March-30-2024-Major-League-Soccer,2024-03-30,Nashville SC,Columbus Crew,Major League Soccer,36%,64%,258,350,543,622,5,10,4,11,2,4,3,5,2,2,1.7,1.4,16,9,4,4,19,9,440,716,17,9,9,6,11,9,18,14,0,1,5,6,18,17,68,51
Austin-FC-FC-Dallas-March-30-2024-Major-League-Soccer,2024-03-30,Austin FC,FC Dallas,Major League Soccer,67%,33%,521,613,221,305,3,13,4,7,3,4,1,3,2,1,1.5,0.7,14,14,4,2,19,12,705,403,9,16,3,8,11,17,22,25,4,1,5,8,24,17,57,68
Real-Salt-Lake-St-Louis-City-March-30-2024-Major-League-Soccer,2024-03-30,Real Salt Lake,St. Louis City,Major League Soccer,57%,43%,381,496,265,371,3,11,2,9,1,2,1,3,3,1,1.8,0.5,8,15,11,4,30,16,602,496,11,22,6,10,14,19,13,25,4,0,7,9,31,14,85,63
LA-Galaxy-Seattle-Sounders-FC-March-30-2024-Major-League-Soccer,2024-03-30,LA Galaxy,Seattle Sounders FC,Major League Soccer,46%,54%,402,505,486,595,2,9,2,16,2,2,1,2,1,0,0.8,1.7,11,7,4,6,10,31,623,689,18,9,9,6,9,8,32,19,0,0,14,2,20,29,65,71
Vancouver-Whitecaps-FC-Toronto-FC-April-6-2024-Major-League-Soccer,2024-04-06,Vancouver Whitecaps FC,Toronto FC,Major League Soccer,50%,50%,414,514,402,515,6,16,3,7,3,3,2,6,4,0,2.5,0.7,11,18,5,5,16,23,649,623,27,15,10,13,22,18,24,15,2,0,5,4,22,20,85,69
El-Trafico-Los-Angeles-FC-LA-Galaxy-April-6-2024-Major-League-Soccer,2024-04-06,Los Angeles FC,LA Galaxy,Major League Soccer,32%,68%,285,343,641,719,8,19,4,18,3,4,7,8,2,1,3.6,1.0,20,7,6,4,12,13,473,823,16,16,16,7,4,3,23,10,0,1,10,8,7,22,53,40
Columbus-Crew-DC-United-April-6-2024-Major-League-Soccer,2024-04-06,Columbus Crew,D.C. United,Major League Soccer,67%,33%,604,698,248,344,4,11,3,14,2,3,3,4,1,1,0.6,1.9,7,19,2,3,14,12,812,460,19,33,6,7,8,19,10,13,5,2,4,4,18,8,60,69
Inter-Miami-Colorado-Rapids-April-6-2024-Major-League-Soccer,2024-04-06,Inter Miami,Colorado Rapids,Major League Soccer,58%,42%,466,569,331,418,7,17,3,6,2,3,5,7,2,2,1.0,1.2,13,13,6,6,18,12,684,537,27,14,16,12,23,10,18,22,1,3,2,8,18,23,66,54
New-York-City-FC-Atlanta-United-April-6-2024-Major-League-Soccer,2024-04-06,New York City FC,Atlanta United,Major League Soccer,53%,47%,373,479,317,422,2,23,6,18,5,6,2,2,1,1,2.4,1.9,13,11,7,5,23,15,595,556,14,25,5,9,13,13,13,27,1,2,10,16,20,19,63,87
FC-Cincinnati-New-York-Red-Bulls-April-6-2024-Major-League-Soccer,2024-04-06,FC Cincinnati,New York Red Bulls,Major League Soccer,55%,45%,433,553,346,457,4,8,4,10,2,4,3,4,1,2,0.7,1.2,19,16,8,8,22,18,656,575,10,20,1,13,18,18,19,22,4,0,6,5,25,19,70,69
New-England-Revolution-Charlotte-FC-April-6-2024-Major-League-Soccer,2024-04-06,New England Revolution,Charlotte FC,Major League Soccer,48%,52%,430,552,467,589,3,11,2,6,2,2,2,3,1,0,1.1,0.6,9,11,4,6,17,20,656,680,16,17,7,6,16,11,24,13,2,0,10,7,17,20,92,67
Sporting-Kansas-City-Portland-Timbers-April-7-2024-Major-League-Soccer,2024-04-07,Sporting Kansas City,Portland Timbers,Major League Soccer,50%,50%,422,509,425,519,6,15,7,8,5,7,3,6,3,3,2.6,2.1,16,20,7,1,25,14,614,621,15,17,7,8,5,8,20,20,0,3,4,12,17,15,49,67
Nashville-SC-Philadelphia-Union-April-6-2024-Major-League-Soccer,2024-04-06,Nashville SC,Philadelphia Union,Major League Soccer,52%,48%,299,438,275,401,5,11,5,13,3,5,4,5,1,2,1.7,1.9,10,9,8,5,27,11,532,514,12,13,8,11,18,26,14,34,2,0,8,4,36,24,100,92
Chicago-Fire-Houston-Dynamo-April-6-2024-Major-League-Soccer,2024-04-06,Chicago Fire,Houston Dynamo,Major League Soccer,41%,59%,315,423,494,600,5,7,4,14,3,4,4,5,2,1,1.4,1.0,14,12,5,6,15,19,534,702,23,17,9,6,13,13,19,20,1,1,12,2,27,22,68,81
Seattle-Sounders-FC-CF-Montreal-April-6-2024-Major-League-Soccer,2024-04-06,Seattle Sounders FC,CF Montréal,Major League Soccer,59%,41%,605,702,401,491,10,23,2,5,2,2,6,10,5,0,3.6,0.5,9,19,5,3,19,13,804,594,15,20,12,11,16,17,9,21,0,0,4,6,14,18,56,57
Austin-FC-San-Jose-Earthquakes-April-6-2024-Major-League-Soccer,2024-04-06,Austin FC,San Jose Earthquakes,Major League Soccer,61%,39%,419,522,253,337,5,14,8,14,5,8,2,5,4,3,1.9,2.7,11,12,10,3,35,15,627,472,13,20,4,5,17,11,14,35,0,1,6,12,26,13,78,64
Minnesota-United-Real-Salt-Lake-April-6-2024-Major-League-Soccer,2024-04-06,Minnesota United,Real Salt Lake,Major League Soccer,58%,42%,458,576,301,410,7,25,5,10,4,5,6,7,1,1,1.9,1.0,13,11,7,6,25,18,699,553,16,21,10,20,5,12,17,21,1,4,5,6,21,20,77,76
St-Louis-City-FC-Dallas-April-6-2024-Major-League-Soccer,2024-04-06,St. Louis City,FC Dallas,Major League Soccer,66%,34%,533,645,238,329,7,27,4,9,4,4,7,7,0,0,1.9,1.3,14,10,9,2,39,6,749,466,16,18,4,10,17,6,4,43,0,4,7,16,20,15,65,63
Portland-Timbers-Los-Angeles-FC-April-13-2024-Major-League-Soccer,2024-04-13,Portland Timbers,Los Angeles FC,Major League Soccer,39%,61%,302,405,528,630,4,10,4,16,2,4,2,4,2,2,1.4,1.7,12,22,4,4,7,17,520,742,20,19,8,8,14,15,20,5,1,3,17,2,16,30,80,83
CF-Montreal-FC-Cincinnati-April-13-2024-Major-League-Soccer,2024-04-13,CF Montréal,FC Cincinnati,Major League Soccer,50%,50%,453,551,447,557,4,17,4,8,3,4,2,4,2,1,1.1,1.0,14,11,5,4,15,18,659,668,16,14,8,12,12,9,14,17,3,7,3,6,17,27,40,45
New-York-City-FC-New-England-Revolution-April-13-2024-Major-League-Soccer,2024-04-13,New York City FC,New England Revolution,Major League Soccer,52%,48%,398,512,350,474,6,17,6,8,6,6,4,6,2,0,2.5,0.4,18,13,4,6,16,19,634,578,15,18,8,8,13,10,18,17,2,4,3,9,32,24,60,73
New-York-Red-Bulls-Chicago-Fire-April-13-2024-Major-League-Soccer,2024-04-13,New York Red Bulls,Chicago Fire,Major League Soccer,34%,66%,269,371,591,705,5,19,3,9,3,3,5,5,0,0,1.4,0.6,5,7,4,4,13,27,483,801,14,10,11,8,8,18,21,14,1,4,4,9,17,22,72,58
Charlotte-FC-Toronto-FC-April-13-2024-Major-League-Soccer,2024-04-13,Charlotte FC,Toronto FC,Major League Soccer,44%,56%,342,438,466,549,5,11,5,11,3,5,2,5,3,2,1.0,1.8,8,13,4,6,17,19,540,655,13,17,7,6,12,22,14,25,3,1,6,7,30,15,80,72
DC-United-Orlando-City-April-13-2024-Major-League-Soccer,2024-04-13,D.C. United,Orlando City,Major League Soccer,52%,48%,346,480,326,440,7,17,4,10,1,4,5,7,2,3,1.5,1.8,19,14,7,4,22,17,579,566,15,17,6,6,35,16,10,16,4,3,7,10,14,19,99,86
Atlanta-United-Philadelphia-Union-April-14-2024-Major-League-Soccer,2024-04-14,Atlanta United,Philadelphia Union,Major League Soccer,62%,38%,431,528,220,323,6,19,4,13,2,4,4,6,2,2,1.6,1.1,11,8,7,5,24,18,630,431,16,27,6,7,16,17,19,22,4,2,5,8,19,15,58,76
St-Louis-City-Austin-FC-April-14-2024-Major-League-Soccer,2024-04-14,St. Louis City,Austin FC,Major League Soccer,38%,62%,235,329,415,531,4,11,0,2,0,0,3,4,1,0,1.5,0.3,18,14,5,6,16,20,427,597,12,11,10,8,17,12,22,9,2,2,4,11,16,26,61,96
Real-Salt-Lake-Columbus-Crew-April-13-2024-Major-League-Soccer,2024-04-13,Real Salt Lake,Columbus Crew,Major League Soccer,46%,54%,344,429,433,498,8,16,4,12,4,4,8,8,0,0,1.8,0.6,22,10,6,3,16,3,523,606,16,18,2,12,9,3,5,19,3,2,5,10,24,7,72,53
FC-Dallas-Seattle-Sounders-FC-April-13-2024-Major-League-Soccer,2024-04-13,FC Dallas,Seattle Sounders FC,Major League Soccer,44%,56%,403,500,531,630,2,13,2,8,2,2,2,2,0,0,0.8,1.0,12,12,4,3,17,13,591,711,13,13,10,7,15,15,15,16,1,0,11,11,19,17,65,60
Vancouver-Whitecaps-FC-LA-Galaxy-April-13-2024-Major-League-Soccer,2024-04-13,Vancouver Whitecaps FC,LA Galaxy,Major League Soccer,40%,60%,364,455,590,672,7,19,5,13,2,5,6,7,1,3,2.4,2.5,8,8,10,7,27,14,543,765,11,3,8,10,14,7,21,21,0,0,9,12,16,14,57,63
San-Jose-Earthquakes-Colorado-Rapids-April-13-2024-Major-League-Soccer,2024-04-13,San Jose Earthquakes,Colorado Rapids,Major League Soccer,61%,39%,489,599,262,388,6,24,2,12,0,2,6,6,0,3,2.2,1.8,11,4,10,7,32,21,754,527,20,13,14,5,19,12,37,37,1,3,4,15,20,19,68,75
Sporting-Kansas-City-Inter-Miami-April-13-2024-Major-League-Soccer,2024-04-13,Sporting Kansas City,Inter Miami,Major League Soccer,41%,59%,363,494,602,719,3,10,5,8,2,5,1,3,2,3,0.6,0.9,14,9,5,1,14,6,586,827,13,18,9,18,6,5,8,17,1,1,5,4,26,18,80,65
Minnesota-United-Houston-Dynamo-April-13-2024-Major-League-Soccer,2024-04-13,Minnesota United,Houston Dynamo,Major League Soccer,57%,43%,387,502,271,382,6,24,2,6,1,2,5,6,1,2,2.3,0.4,10,11,7,5,26,13,634,517,18,21,12,7,15,19,17,41,0,2,4,11,26,27,80,80
Atlanta-United-FC-Cincinnati-April-20-2024-Major-League-Soccer,2024-04-20,Atlanta United,FC Cincinnati,Major League Soccer,58%,42%,479,584,339,423,4,16,3,19,1,3,3,4,1,2,1.9,2.0,12,9,9,4,30,8,705,555,24,18,11,9,7,11,12,28,1,0,12,9,14,20,81,65
CF-Montreal-Orlando-City-April-20-2024-Major-League-Soccer,2024-04-20,CF Montréal,Orlando City,Major League Soccer,53%,47%,496,605,430,545,4,8,1,6,0,1,2,4,2,2,1.5,1.5,12,8,1,8,19,16,705,635,12,13,8,5,18,11,24,20,3,2,6,9,15,21,65,76
Columbus-Crew-Portland-Timbers-April-20-2024-Major-League-Soccer,2024-04-20,Columbus Crew,Portland Timbers,Major League Soccer,65%,35%,592,690,277,366,4,24,4,7,2,4,2,4,2,2,1.5,0.6,10,14,6,1,24,8,791,474,15,14,7,9,8,12,13,26,2,2,3,19,18,17,54,78
New-York-City-FC-DC-United-April-20-2024-Major-League-Soccer,2024-04-20,New York City FC,D.C. United,Major League Soccer,48%,52%,300,415,320,456,8,22,1,11,1,1,6,8,2,0,3.0,0.6,11,14,7,4,16,20,551,569,13,22,4,7,18,24,33,24,3,2,8,6,19,22,79,90
Toronto-FC-New-England-Revolution-April-20-2024-Major-League-Soccer,2024-04-20,Toronto FC,New England Revolution,Major League Soccer,40%,60%,291,383,480,584,7,14,5,17,5,5,6,7,1,0,1.5,1.5,11,15,0,8,9,21,505,684,17,11,12,12,10,18,19,11,1,1,6,5,23,25,60,60
Inter-Miami-Nashville-SC-April-20-2024-Major-League-Soccer,2024-04-20,Inter Miami,Nashville SC,Major League Soccer,52%,48%,411,509,368,473,5,9,4,13,4,4,3,5,3,1,2.6,2.4,14,12,4,6,10,31,621,573,20,19,8,15,8,14,27,5,3,3,8,3,9,20,59,76
Charlotte-FC-Minnesota-United-April-21-2024-Major-League-Soccer,2024-04-21,Charlotte FC,Minnesota United,Major League Soccer,57%,43%,380,526,276,391,1,8,5,12,2,5,1,1,0,3,0.9,1.7,8,16,11,5,24,17,606,512,12,15,3,14,13,15,15,28,6,4,8,12,26,11,68,82
Houston-Dynamo-Austin-FC-April-20-2024-Major-League-Soccer,2024-04-20,Houston Dynamo,Austin FC,Major League Soccer,67%,33%,571,662,250,333,6,17,4,7,3,4,6,6,0,1,1.5,0.8,16,11,2,1,13,10,757,447,22,12,3,16,12,15,11,15,2,2,6,10,20,19,59,69
Chicago-Fire-Real-Salt-Lake-April-20-2024-Major-League-Soccer,2024-04-20,Chicago Fire,Real Salt Lake,Major League Soccer,47%,53%,373,481,451,543,5,11,7,16,3,7,5,5,0,4,1.2,1.8,15,13,5,5,25,8,586,675,29,28,9,7,8,4,7,24,2,0,9,6,22,25,66,63
Colorado-Rapids-FC-Dallas-April-20-2024-Major-League-Soccer,2024-04-20,Colorado Rapids,FC Dallas,Major League Soccer,46%,54%,379,465,440,549,4,14,3,14,2,3,4,4,2,1,1.8,1.0,14,13,3,8,12,30,594,666,14,27,15,10,6,9,24,19,0,3,10,7,23,26,74,71
Seattle-Sounders-FC-Vancouver-Whitecaps-FC-April-20-2024-Major-League-Soccer,2024-04-20,Seattle Sounders FC,Vancouver Whitecaps FC,Major League Soccer,37%,63%,375,452,690,768,1,8,4,9,2,4,1,1,0,2,0.6,2.0,8,12,6,3,14,21,522,830,7,7,3,4,13,11,21,10,2,2,10,4,12,16,46,67
Sporting-Kansas-City-St-Louis-City-April-20-2024-Major-League-Soccer,2024-04-20,Sporting Kansas City,St. Louis City,Major League Soccer,57%,43%,401,539,269,402,4,8,7,19,4,7,1,4,3,3,1.3,1.9,15,21,2,6,9,16,661,535,21,24,7,14,16,21,18,11,2,0,11,6,21,20,99,81
Los-Angeles-FC-New-York-Red-Bulls-April-20-2024-Major-League-Soccer,2024-04-20,Los Angeles FC,New York Red Bulls,Major League Soccer,58%,42%,561,653,373,464,5,14,2,8,1,2,4,5,2,2,1.5,1.0,11,13,9,5,26,9,753,579,14,20,9,11,21,18,5,32,1,1,1,10,23,16,55,91
California-Clasico-LA-Galaxy-San-Jose-Earthquakes-April-21-2024-Major-League-Soccer,2024-04-21,LA Galaxy,San Jose Earthquakes,Major League Soccer,59%,41%,532,613,341,420,6,12,6,17,4,6,3,6,4,3,2.4,1.8,11,21,3,5,7,26,709,511,12,17,7,10,6,9,19,7,2,2,6,5,15,15,60,33
Austin-FC-LA-Galaxy-April-27-2024-Major-League-Soccer,2024-04-27,Austin FC,LA Galaxy,Major League Soccer,40%,60%,337,403,530,596,5,9,5,16,5,5,3,5,2,0,1.1,0.5,13,13,2,10,11,24,501,677,19,13,1,3,2,7,21,8,0,1,9,4,9,16,65,46
FC-Cincinnati-Colorado-Rapids-April-27-2024-Major-League-Soccer,2024-04-27,FC Cincinnati,Colorado Rapids,Major League Soccer,59%,41%,531,623,326,435,9,25,2,9,1,2,7,9,2,1,2.1,0.7,10,5,4,6,13,18,742,549,14,15,11,16,15,13,19,17,1,1,8,14,20,14,54,79
Columbus-Crew-CF-Montreal-April-27-2024-Major-League-Soccer,2024-04-27,Columbus Crew,CF Montréal,Major League Soccer,67%,33%,630,728,290,357,4,13,2,8,2,2,4,4,0,0,1.5,0.6,9,17,6,3,19,10,800,475,12,16,11,10,8,3,10,28,2,1,3,7,24,12,52,46
Philadelphia-Union-Real-Salt-Lake-April-27-2024-Major-League-Soccer,2024-04-27,Philadelphia Union,Real Salt Lake,Major League Soccer,50%,50%,352,450,351,449,5,14,4,9,2,4,4,5,1,2,1.8,0.5,18,16,4,5,19,15,566,559,28,12,12,7,10,8,17,15,3,2,7,10,20,22,53,76
New-York-City-FC-Charlotte-FC-April-27-2024-Major-League-Soccer,2024-04-27,New York City FC,Charlotte FC,Major League Soccer,57%,43%,468,584,300,434,7,17,7,8,6,7,5,7,2,1,1.4,1.1,19,12,6,3,13,20,719,544,13,17,9,7,15,13,18,24,1,6,0,8,32,27,71,91
New-York-Red-Bulls-Vancouver-Whitecaps-FC-April-27-2024-Major-League-Soccer,2024-04-27,New York Red Bulls,Vancouver Whitecaps FC,Major League Soccer,59%,41%,593,705,389,495,9,16,4,11,3,4,8,9,1,1,1.2,1.0,11,9,6,4,24,18,803,606,13,8,4,11,12,19,13,29,0,2,5,2,21,17,89,81
New-England-Revolution-Inter-Miami-April-27-2024-Major-League-Soccer,2024-04-27,New England Revolution,Inter Miami,Major League Soccer,45%,55%,441,539,577,665,1,7,6,12,2,6,0,1,1,4,0.4,2.8,4,10,2,4,14,14,632,777,15,20,11,14,4,7,15,16,0,2,7,8,17,21,78,37
DC-United-Seattle-Sounders-FC-April-27-2024-Major-League-Soccer,2024-04-27,D.C. United,Seattle Sounders FC,Major League Soccer,57%,43%,361,466,229,352,4,11,6,12,5,6,3,4,2,1,1.9,1.4,22,11,4,6,25,20,578,464,10,20,12,6,36,13,26,23,1,1,4,7,21,22,80,90
Orlando-City-Toronto-FC-April-27-2024-Major-League-Soccer,2024-04-27,Orlando City,Toronto FC,Major League Soccer,48%,52%,437,533,479,569,3,8,4,13,2,4,2,3,1,2,0.9,1.5,13,12,3,4,14,14,640,680,22,16,7,6,11,15,12,17,3,5,9,6,12,15,61,62
Chicago-Fire-Atlanta-United-April-27-2024-Major-League-Soccer,2024-04-27,Chicago Fire,Atlanta United,Major League Soccer,37%,63%,273,379,555,649,0,10,5,18,5,5,0,0,0,0,1.0,1.3,9,6,3,8,17,27,476,754,14,15,12,7,11,12,21,21,1,2,13,10,21,17,65,71
Los-Angeles-FC-Portland-Timbers-April-27-2024-Major-League-Soccer,2024-04-27,Los Angeles FC,Portland Timbers,Major League Soccer,53%,47%,422,508,333,448,10,20,4,9,2,4,8,10,3,2,1.2,0.8,17,13,8,3,19,17,647,564,17,21,9,8,20,12,24,23,2,1,3,11,14,22,56,88
FC-Dallas-Houston-Dynamo-April-27-2024-Major-League-Soccer,2024-04-27,FC Dallas,Houston Dynamo,Major League Soccer,55%,45%,447,521,346,426,5,25,0,2,0,0,3,5,2,0,2.3,0.1,21,10,9,1,28,2,609,507,12,4,5,4,8,4,11,22,1,1,4,14,17,17,52,60
Minnesota-United-Sporting-Kansas-City-April-27-2024-Major-League-Soccer,2024-04-27,Minnesota United,Sporting Kansas City,Major League Soccer,37%,63%,294,400,568,670,5,8,3,8,2,3,3,5,2,1,2.3,1.4,16,11,5,4,13,19,492,758,14,9,10,6,17,14,23,13,0,5,5,5,10,21,68,66
Nashville-SC-San-Jose-Earthquakes-April-27-2024-Major-League-Soccer,2024-04-27,Nashville SC,San Jose Earthquakes,Major League Soccer,55%,45%,409,517,340,430,5,17,4,9,3,4,4,5,1,1,0.9,1.1,7,8,7,5,32,15,620,538,17,16,12,10,14,13,15,30,2,0,4,14,20,21,70,69
Philadelphia-Union-Seattle-Sounders-FC-April-30-2024-Major-League-Soccer,2024-04-30,Philadelphia Union,Seattle Sounders FC,Major League Soccer,58%,42%,385,507,254,363,6,15,3,13,1,3,4,6,2,3,1.2,2.2,6,7,9,10,30,20,637,509,22,15,8,7,20,20,16,38,2,3,6,5,32,22,82,72
San-Jose-Earthquakes-Los-Angeles-FC-May-4-2024-Major-League-Soccer,2024-05-04,San Jose Earthquakes,Los Angeles FC,Major League Soccer,39%,61%,280,374,483,595,3,14,7,17,6,7,1,3,3,1,1.5,1.9,14,14,4,7,10,29,523,723,29,27,12,10,13,10,31,12,0,2,10,9,21,27,67,67
Inter-Miami-New-York-Red-Bulls-May-4-2024-Major-League-Soccer,2024-05-04,Inter Miami,New York Red Bulls,Major League Soccer,58%,42%,587,678,402,483,7,16,4,14,3,4,1,7,6,2,2.8,1.5,8,11,3,3,7,12,797,599,22,20,9,15,5,7,17,2,0,1,9,7,16,9,51,51
DC-United-Philadelphia-Union-May-4-2024-Major-League-Soccer,2024-05-04,D.C. United,Philadelphia Union,Major League Soccer,48%,52%,351,452,381,488,4,8,3,9,1,3,2,4,2,2,1.1,0.6,12,11,4,5,18,18,541,577,11,16,10,8,16,10,17,16,3,2,4,3,13,15,76,67
Charlotte-FC-Portland-Timbers-May-4-2024-Major-League-Soccer,2024-05-04,Charlotte FC,Portland Timbers,Major League Soccer,45%,55%,305,406,390,490,3,14,3,6,3,3,1,3,2,0,1.4,0.4,12,13,3,3,13,16,505,600,17,7,9,5,11,11,23,24,0,3,5,13,16,20,77,64
Orlando-City-FC-Cincinnati-May-4-2024-Major-League-Soccer,2024-05-04,Orlando City,FC Cincinnati,Major League Soccer,42%,58%,310,403,473,549,2,8,3,7,2,3,2,2,0,1,0.7,1.0,12,20,5,3,24,7,490,647,19,16,6,8,5,14,6,17,3,2,4,6,23,10,59,63
Toronto-FC-FC-Dallas-May-4-2024-Major-League-Soccer,2024-05-04,Toronto FC,FC Dallas,Major League Soccer,57%,43%,497,597,377,458,5,11,2,7,1,2,2,5,3,1,1.4,0.4,13,10,6,4,9,7,704,570,22,16,11,6,14,4,14,21,5,2,5,6,16,23,71,58
Atlanta-United-Minnesota-United-May-4-2024-Major-League-Soccer,2024-05-04,Atlanta United,Minnesota United,Major League Soccer,68%,32%,455,581,168,271,4,17,5,12,3,5,3,4,1,2,1.7,0.5,8,12,13,9,37,11,697,396,16,12,9,15,19,15,14,38,4,3,4,7,27,19,100,73
Seattle-Sounders-FC-LA-Galaxy-May-5-2024-Major-League-Soccer,2024-05-05,Seattle Sounders FC,LA Galaxy,Major League Soccer,55%,45%,487,585,392,485,4,19,3,12,3,3,4,4,0,0,1.5,0.4,8,12,12,5,30,18,715,605,26,22,9,10,19,8,20,28,1,1,9,10,13,16,54,63
New-York-City-FC-Colorado-Rapids-May-5-2024-Major-League-Soccer,2024-05-05,New York City FC,Colorado Rapids,Major League Soccer,66%,34%,605,734,249,376,3,16,4,9,2,4,3,3,0,2,1.3,0.6,7,7,4,3,31,12,866,510,19,25,10,16,13,8,16,27,5,1,9,12,22,23,54,85
Chicago-Fire-New-England-Revolution-May-4-2024-Major-League-Soccer,2024-05-04,Chicago Fire,New England Revolution,Major League Soccer,52%,48%,356,475,331,434,3,15,4,11,3,4,3,3,0,1,1.1,0.9,4,15,7,4,30,14,585,567,11,27,10,13,18,20,12,37,2,0,9,12,36,25,88,69
Vancouver-Whitecaps-FC-Austin-FC-May-4-2024-Major-League-Soccer,2024-05-04,Vancouver Whitecaps FC,Austin FC,Major League Soccer,65%,35%,551,624,265,333,6,24,1,4,1,1,6,6,0,0,1.2,0.3,5,10,11,2,29,9,714,428,15,13,5,4,14,7,17,33,1,1,4,14,16,11,67,49
Houston-Dynamo-St-Louis-City-May-4-2024-Major-League-Soccer,2024-05-04,Houston Dynamo,St. Louis City,Major League Soccer,67%,33%,522,611,215,298,7,22,3,18,3,3,7,7,0,0,1.3,1.0,8,13,5,7,19,16,727,419,17,20,4,10,16,11,13,26,0,0,12,11,16,14,59,64
Real-Salt-Lake-Sporting-Kansas-City-May-4-2024-Major-League-Soccer,2024-05-04,Real Salt Lake,Sporting Kansas City,Major League Soccer,58%,42%,510,585,340,420,5,14,1,10,1,1,4,5,1,0,0.9,0.3,10,13,7,2,17,9,701,534,16,36,5,8,15,4,11,13,2,0,7,8,19,22,63,60
Nashville-SC-CF-Montreal-May-4-2024-Major-League-Soccer,2024-05-04,Nashville SC,CF Montréal,Major League Soccer,39%,61%,338,424,585,668,7,19,4,17,4,4,3,7,4,1,2.7,0.8,14,13,7,5,17,19,525,771,13,9,16,12,12,6,14,13,2,1,8,7,12,10,61,45
Charlotte-FC-Nashville-SC-May-11-2024-Major-League-Soccer,2024-05-11,Charlotte FC,Nashville SC,Major League Soccer,52%,48%,420,542,378,497,3,8,2,5,2,2,2,3,1,0,0.4,0.1,16,10,3,0,16,7,615,580,16,11,4,21,21,10,10,13,4,7,4,6,16,22,66,99
Atlanta-United-DC-United-May-11-2024-Major-League-Soccer,2024-05-11,Atlanta United,D.C. United,Major League Soccer,63%,37%,505,594,263,346,2,14,6,15,3,6,2,2,2,3,1.3,2.3,10,17,7,6,21,23,700,461,17,21,4,7,11,21,21,24,1,2,7,9,18,15,64,67
Philadelphia-Union-Orlando-City-May-11-2024-Major-League-Soccer,2024-05-11,Philadelphia Union,Orlando City,Major League Soccer,61%,39%,453,575,266,368,4,27,4,13,1,4,3,4,2,3,3.8,1.2,11,9,7,6,29,18,687,493,8,7,11,7,22,15,15,38,2,1,7,13,18,10,106,67
Toronto-FC-New-York-City-FC-May-11-2024-Major-League-Soccer,2024-05-11,Toronto FC,New York City FC,Major League Soccer,60%,40%,465,563,299,383,11,16,3,10,1,3,9,11,2,3,1.9,2.4,18,13,6,4,21,10,673,514,23,24,9,15,17,7,13,28,2,1,5,5,18,17,75,52
CF-Montreal-Inter-Miami-May-11-2024-Major-League-Soccer,2024-05-11,CF Montréal,Inter Miami,Major League Soccer,53%,47%,557,640,475,567,6,15,4,7,1,4,4,6,2,3,1.3,1.2,15,9,10,3,21,7,720,653,3,20,5,8,4,1,10,23,0,4,4,8,8,7,36,52
New-York-Red-Bulls-New-England-Revolution-May-11-2024-Major-League-Soccer,2024-05-11,New York Red Bulls,New England Revolution,Major League Soccer,33%,67%,253,358,597,712,5,12,6,12,4,6,2,5,4,2,3.3,1.2,7,9,2,7,9,21,473,824,19,12,10,3,14,9,19,18,1,3,5,5,18,24,71,85
Columbus-Crew-FC-Cincinnati-May-11-2024-Major-League-Soccer,2024-05-11,Columbus Crew,FC Cincinnati,Major League Soccer,54%,46%,458,540,378,454,4,15,5,8,3,5,3,4,1,2,0.8,1.2,8,16,4,4,24,16,648,573,22,24,12,12,8,8,8,17,0,1,5,8,20,18,47,54
Portland-Timbers-Seattle-Sounders-FC-May-12-2024-Major-League-Soccer,2024-05-12,Portland Timbers,Seattle Sounders FC,Major League Soccer,53%,47%,494,599,419,524,2,8,5,7,3,5,1,2,1,2,0.7,0.4,11,7,4,6,18,17,711,629,26,20,13,11,11,14,18,23,0,2,8,12,19,9,79,66
St-Louis-City-Chicago-Fire-May-11-2024-Major-League-Soccer,2024-05-11,St. Louis City,Chicago Fire,Major League Soccer,48%,52%,303,403,353,442,7,25,4,12,3,4,4,7,3,1,2.3,1.0,11,11,5,3,22,10,498,557,15,15,10,15,14,8,13,27,3,0,7,17,22,19,62,79
LA-Galaxy-Real-Salt-Lake-May-11-2024-Major-League-Soccer,2024-05-11,LA Galaxy,Real Salt Lake,Major League Soccer,56%,44%,518,610,408,487,6,23,4,12,2,4,4,6,2,2,2.8,1.4,6,14,12,3,28,12,724,612,25,15,7,10,5,11,16,26,2,0,5,8,16,13,54,51
Sporting-Kansas-City-Houston-Dynamo-May-11-2024-Major-League-Soccer,2024-05-11,Sporting Kansas City,Houston Dynamo,Major League Soccer,46%,54%,395,490,472,572,6,15,6,12,4,6,5,6,1,2,0.7,1.3,14,13,7,3,23,7,582,674,13,12,13,12,6,8,13,28,3,3,6,5,15,16,64,61
Colorado-Rapids-San-Jose-Earthquakes-May-11-2024-Major-League-Soccer,2024-05-11,Colorado Rapids,San Jose Earthquakes,Major League Soccer,64%,36%,430,522,204,296,6,14,3,11,0,3,4,6,2,3,1.9,1.1,12,13,7,5,26,12,617,393,15,12,1,6,13,13,12,25,5,0,6,8,21,17,61,72
FC-Dallas-Austin-FC-May-11-2024-Major-League-Soccer,2024-05-11,FC Dallas,Austin FC,Major League Soccer,35%,65%,273,361,560,658,3,10,4,19,4,4,1,3,2,1,1.4,2.1,9,8,0,8,4,40,465,747,10,10,12,12,10,13,40,4,1,7,11,2,17,16,58,72
Los-Angeles-FC-Vancouver-Whitecaps-FC-May-11-2024-Major-League-Soccer,2024-05-11,Los Angeles FC,Vancouver Whitecaps FC,Major League Soccer,54%,46%,486,552,395,477,7,14,3,13,3,3,4,7,3,0,3.8,0.4,17,6,5,5,17,24,647,565,7,18,6,9,9,15,22,9,0,1,6,8,18,17,54,71
FC-Cincinnati-Atlanta-United-May-15-2024-Major-League-Soccer,2024-05-15,FC Cincinnati,Atlanta United,Major League Soccer,49%,51%,400,491,400,509,5,12,1,9,1,1,4,5,1,0,1.1,0.5,11,10,7,3,15,21,601,600,11,15,14,10,14,11,28,14,2,1,13,5,16,20,58,72
Philadelphia-Union-New-York-City-FC-May-15-2024-Major-League-Soccer,2024-05-15,Philadelphia Union,New York City FC,Major League Soccer,57%,43%,383,486,275,366,5,25,7,10,5,7,4,5,1,2,2.1,1.3,10,12,9,3,31,7,594,482,22,8,12,4,20,18,11,32,5,0,7,15,17,24,76,46
Orlando-City-Inter-Miami-May-15-2024-Major-League-Soccer,2024-05-15,Orlando City,Inter Miami,Major League Soccer,42%,58%,361,432,538,607,3,14,3,7,3,3,3,3,0,0,0.7,0.6,7,11,8,4,23,11,513,693,7,15,10,6,5,12,20,20,1,2,3,8,12,7,59,51
DC-United-New-York-Red-Bulls-May-15-2024-Major-League-Soccer,2024-05-15,D.C. United,New York Red Bulls,Major League Soccer,59%,41%,377,503,229,350,6,22,7,11,3,7,5,6,1,4,2.8,2.3,3,9,10,5,28,15,624,472,16,9,14,14,36,19,24,32,4,4,6,11,22,19,97,79
CF-Montreal-Columbus-Crew-May-15-2024-Major-League-Soccer,2024-05-15,CF Montréal,Columbus Crew,Major League Soccer,44%,56%,437,524,584,671,2,9,6,11,3,6,2,2,1,3,1.8,2.5,14,5,1,2,12,12,632,764,23,13,12,13,5,7,17,12,2,2,6,9,14,18,40,38
Austin-FC-Houston-Dynamo-May-15-2024-Major-League-Soccer,2024-05-15,Austin FC,Houston Dynamo,Major League Soccer,41%,59%,286,352,439,515,5,14,6,17,6,6,4,5,1,0,1.4,1.3,15,13,7,5,21,16,446,598,19,8,6,10,7,10,16,11,0,2,6,8,11,22,61,68
Portland-Timbers-San-Jose-Earthquakes-May-15-2024-Major-League-Soccer,2024-05-15,Portland Timbers,San Jose Earthquakes,Major League Soccer,63%,37%,539,650,284,380,5,21,3,10,1,3,3,5,4,2,3.3,1.8,11,6,7,4,32,13,765,513,18,16,6,8,8,12,13,46,1,2,8,9,26,19,67,64
Colorado-Rapids-Vancouver-Whitecaps-FC-May-15-2024-Major-League-Soccer,2024-05-15,Colorado Rapids,Vancouver Whitecaps FC,Major League Soccer,57%,43%,505,595,353,442,2,17,2,8,2,2,2,2,1,0,2.4,0.7,5,10,8,6,20,12,693,546,14,8,10,13,8,12,20,28,3,1,7,13,17,24,64,87
Chicago-Fire-Charlotte-FC-May-15-2024-Major-League-Soccer,2024-05-15,Chicago Fire,Charlotte FC,Major League Soccer,62%,38%,393,530,225,331,5,14,2,9,1,2,5,5,0,1,1.0,0.5,13,15,10,7,31,14,616,447,10,12,10,10,12,16,23,36,2,0,7,2,28,23,91,76
St-Louis-City-Los-Angeles-FC-May-15-2024-Major-League-Soccer,2024-05-15,St. Louis City,Los Angeles FC,Major League Soccer,55%,45%,364,478,293,398,6,13,3,12,1,3,6,6,0,2,1.2,1.7,16,10,8,6,25,16,584,525,22,24,12,10,11,11,12,35,0,1,10,8,20,21,91,84
Real-Salt-Lake-Seattle-Sounders-FC-May-15-2024-Major-League-Soccer,2024-05-15,Real Salt Lake,Seattle Sounders FC,Major League Soccer,62%,38%,474,568,265,352,9,21,2,8,2,2,7,9,2,0,2.1,0.5,11,8,11,6,19,12,681,456,11,12,11,13,9,10,10,19,1,1,4,9,24,22,61,60
Nashville-SC-Toronto-FC-May-15-2024-Major-League-Soccer,2024-05-15,Nashville SC,Toronto FC,Major League Soccer,57%,43%,573,655,421,504,3,6,2,7,2,2,1,3,2,0,0.8,0.4,5,10,5,2,11,14,732,576,13,13,7,5,14,12,21,12,4,1,6,3,15,15,72,64
Minnesota-United-LA-Galaxy-May-15-2024-Major-League-Soccer,2024-05-15,Minnesota United,LA Galaxy,Major League Soccer,41%,59%,323,437,510,629,7,22,5,6,3,5,5,7,2,2,2.5,1.0,13,8,6,2,16,4,544,741,15,13,21,11,15,6,12,23,1,5,1,15,11,16,70,76
Nashville-SC-Atlanta-United-May-18-2024-Major-League-Soccer,2024-05-18,Nashville SC,Atlanta United,Major League Soccer,49%,51%,336,446,380,470,4,11,1,10,0,1,4,4,1,1,1.4,0.7,9,14,6,1,23,19,536,578,13,4,8,13,17,25,20,31,4,0,10,6,16,15,77,74
Toronto-FC-CF-Montreal-May-18-2024-Major-League-Soccer,2024-05-18,Toronto FC,CF Montréal,Major League Soccer,51%,49%,496,588,469,561,10,18,4,11,3,4,5,10,5,1,3.2,2.1,8,6,6,7,10,12,712,678,20,22,22,14,8,9,12,10,1,2,6,9,22,13,73,39
Inter-Miami-DC-United-May-18-2024-Major-League-Soccer,2024-05-18,Inter Miami,D.C. United,Major League Soccer,66%,34%,562,663,248,342,2,8,3,15,3,3,1,2,1,0,1.1,1.1,8,14,4,3,12,13,763,459,12,22,8,8,14,9,18,21,3,2,7,6,17,10,61,65
FC-Cincinnati-St-Louis-City-May-18-2024-Major-League-Soccer,2024-05-18,FC Cincinnati,St. Louis City,Major League Soccer,55%,45%,407,529,323,440,7,14,3,10,3,3,5,7,3,1,3.0,0.6,12,16,5,4,12,15,683,579,22,30,8,12,9,15,16,11,3,1,8,4,28,33,85,55
New-York-City-FC-New-York-Red-Bulls-May-18-2024-Major-League-Soccer,2024-05-18,New York City FC,New York Red Bulls,Major League Soccer,59%,41%,532,619,324,423,5,12,4,15,3,4,3,5,2,1,1.2,1.0,10,14,5,5,17,15,728,531,18,27,6,5,18,16,12,22,1,2,8,6,22,24,46,85
Charlotte-FC-LA-Galaxy-May-18-2024-Major-League-Soccer,2024-05-18,Charlotte FC,LA Galaxy,Major League Soccer,34%,66%,349,406,722,784,2,12,5,18,5,5,2,2,0,0,1.2,1.5,8,9,2,6,12,17,484,863,7,11,3,3,2,6,16,18,1,2,9,13,14,7,50,48
New-England-Revolution-Philadelphia-Union-May-18-2024-Major-League-Soccer,2024-05-18,New England Revolution,Philadelphia Union,Major League Soccer,42%,58%,305,407,461,553,3,9,9,20,6,9,3,3,0,3,1.4,2.2,16,14,6,5,24,17,504,668,8,19,9,11,18,17,20,25,0,1,10,6,26,11,74,65
San-Jose-Earthquakes-Orlando-City-May-18-2024-Major-League-Soccer,2024-05-18,San Jose Earthquakes,Orlando City,Major League Soccer,50%,50%,393,505,395,506,3,10,3,11,2,3,3,3,0,1,0.6,1.9,7,7,6,5,25,20,629,634,22,23,12,15,15,15,14,27,1,2,9,13,13,21,86,68
Austin-FC-Sporting-Kansas-City-May-18-2024-Major-League-Soccer,2024-05-18,Austin FC,Sporting Kansas City,Major League Soccer,43%,57%,343,422,485,560,6,11,3,16,1,3,3,6,3,2,2.4,1.0,8,12,7,5,11,15,505,649,9,17,4,5,10,9,18,15,6,4,10,6,19,17,77,54
Seattle-Sounders-FC-Vancouver-Whitecaps-FC-May-18-2024-Major-League-Soccer,2024-05-18,Seattle Sounders FC,Vancouver Whitecaps FC,Major League Soccer,52%,48%,532,621,494,566,2,12,4,7,4,4,1,2,1,1,1.0,1.0,14,12,5,3,24,16,714,660,20,13,10,8,12,7,16,21,0,1,4,4,13,13,55,59
Houston-Dynamo-FC-Dallas-May-18-2024-Major-League-Soccer,2024-05-18,Houston Dynamo,FC Dallas,Major League Soccer,61%,39%,570,669,351,424,8,18,3,7,2,3,7,8,1,1,0.8,0.8,14,10,6,1,18,5,757,541,17,9,4,8,10,10,8,35,3,2,4,7,24,17,69,52
Real-Salt-Lake-Colorado-Rapids-May-18-2024-Major-League-Soccer,2024-05-18,Real Salt Lake,Colorado Rapids,Major League Soccer,62%,38%,507,597,265,362,10,20,10,15,7,10,5,10,5,3,2.3,2.4,17,14,6,2,21,13,712,480,4,24,9,11,8,13,11,20,1,1,9,9,16,21,60,79
Minnesota-United-Portland-Timbers-May-18-2024-Major-League-Soccer,2024-05-18,Minnesota United,Portland Timbers,Major League Soccer,58%,42%,399,502,263,365,6,20,5,11,4,5,4,6,2,1,2.3,1.4,13,9,8,7,21,16,623,497,18,20,8,10,15,16,23,30,1,4,1,11,20,22,57,94
Chicago-Fire-Columbus-Crew-May-18-2024-Major-League-Soccer,2024-05-18,Chicago Fire,Columbus Crew,Major League Soccer,41%,59%,357,431,559,629,4,11,5,9,2,5,3,4,1,3,1.3,0.9,21,7,9,5,22,8,528,714,24,17,7,5,7,7,8,19,1,1,3,7,11,15,56,49
CF-Montreal-Nashville-SC-May-25-2024-Major-League-Soccer,2024-05-25,CF Montréal,Nashville SC,Major League Soccer,54%,46%,484,566,394,481,2,13,2,13,2,2,2,2,0,0,1.2,0.8,13,9,3,5,21,22,661,582,13,14,5,9,11,8,28,23,1,1,6,9,15,21,52,72
DC-United-Chicago-Fire-May-25-2024-Major-League-Soccer,2024-05-25,D.C. United,Chicago Fire,Major League Soccer,48%,52%,335,455,378,494,5,12,4,11,3,4,4,5,1,1,1.2,0.9,15,14,8,1,22,9,560,604,8,19,10,9,29,16,18,26,2,2,8,8,19,18,77,73
Charlotte-FC-Philadelphia-Union-May-25-2024-Major-League-Soccer,2024-05-25,Charlotte FC,Philadelphia Union,Major League Soccer,65%,35%,453,568,201,309,4,14,5,10,5,5,4,4,0,0,1.0,0.9,7,9,11,2,27,12,666,442,7,24,5,18,10,12,15,29,1,2,5,9,33,17,85,76
Toronto-FC-FC-Cincinnati-May-25-2024-Major-League-Soccer,2024-05-25,Toronto FC,FC Cincinnati,Major League Soccer,50%,50%,417,522,432,529,3,11,6,15,2,6,2,3,3,4,1.3,1.5,16,15,4,3,19,11,619,646,13,20,7,7,12,9,8,21,3,2,9,4,26,13,68,61
Atlanta-United-Los-Angeles-FC-May-25-2024-Major-League-Soccer,2024-05-25,Atlanta United,Los Angeles FC,Major League Soccer,63%,37%,446,531,241,312,5,17,4,14,3,4,5,5,0,1,1.3,0.9,12,8,5,9,26,22,626,420,16,16,4,8,9,10,29,21,0,1,5,12,17,10,57,52
New-England-Revolution-New-York-City-FC-May-25-2024-Major-League-Soccer,2024-05-25,New England Revolution,New York City FC,Major League Soccer,57%,43%,498,575,356,436,6,16,4,13,3,4,6,6,0,1,0.7,1.5,19,8,8,7,20,16,679,535,16,14,8,7,11,9,17,15,5,1,6,7,24,13,72,43
Orlando-City-Columbus-Crew-May-25-2024-Major-League-Soccer,2024-05-25,Orlando City,Columbus Crew,Major League Soccer,45%,55%,434,506,545,612,5,12,2,7,1,2,5,5,0,2,1.3,2.2,11,7,9,2,25,11,600,707,19,14,7,6,7,10,16,20,6,1,4,4,9,14,36,38
FC-Dallas-Real-Salt-Lake-May-25-2024-Major-League-Soccer,2024-05-25,FC Dallas,Real Salt Lake,Major League Soccer,40%,60%,357,442,574,658,7,14,8,20,5,8,4,7,3,3,1.6,3.1,12,8,5,7,11,21,530,746,12,17,8,6,13,7,20,8,1,3,11,4,12,21,69,55
Portland-Timbers-Sporting-Kansas-City-May-25-2024-Major-League-Soccer,2024-05-25,Portland Timbers,Sporting Kansas City,Major League Soccer,43%,57%,392,491,549,649,4,11,2,6,1,2,2,4,2,1,2.1,0.2,13,8,3,2,13,11,584,739,19,15,9,15,11,9,19,14,1,3,3,7,22,25,77,70
Colorado-Rapids-Minnesota-United-May-25-2024-Major-League-Soccer,2024-05-25,Colorado Rapids,Minnesota United,Major League Soccer,74%,26%,523,654,131,231,7,20,6,9,3,6,4,7,3,3,3.3,1.9,3,16,9,0,46,0,740,356,10,20,3,7,23,26,3,43,5,0,4,16,31,21,72,73
San-Jose-Earthquakes-Austin-FC-May-25-2024-Major-League-Soccer,2024-05-25,San Jose Earthquakes,Austin FC,Major League Soccer,49%,51%,394,471,418,498,5,22,1,5,0,1,4,5,1,1,3.3,0.6,10,12,8,1,22,10,574,600,11,11,8,15,11,4,13,19,1,2,4,9,20,18,65,50
Vancouver-Whitecaps-FC-Inter-Miami-May-25-2024-Major-League-Soccer,2024-05-25,Vancouver Whitecaps FC,Inter Miami,Major League Soccer,51%,49%,437,537,428,510,1,15,6,9,4,6,1,1,1,2,2.2,1.3,8,14,9,5,38,7,636,621,15,8,7,7,12,17,12,39,2,1,3,13,19,13,65,61
St-Louis-City-Seattle-Sounders-FC-May-25-2024-Major-League-Soccer,2024-05-25,St. Louis City,Seattle Sounders FC,Major League Soccer,48%,52%,369,483,423,527,5,22,1,7,0,1,4,5,1,2,1.5,1.3,14,9,6,1,33,6,591,663,17,23,9,7,12,10,10,36,0,0,5,12,28,16,77,81
LA-Galaxy-Houston-Dynamo-May-25-2024-Major-League-Soccer,2024-05-25,LA Galaxy,Houston Dynamo,Major League Soccer,49%,51%,476,558,501,587,6,12,3,13,2,3,4,6,2,1,1.1,1.9,10,12,7,5,11,19,665,688,12,25,9,8,12,13,27,13,1,2,11,3,19,15,58,55
CF-Montreal-DC-United-May-29-2024-Major-League-Soccer,2024-05-29,CF Montréal,D.C. United,Major League Soccer,54%,46%,462,556,388,477,6,12,4,13,2,4,2,6,4,2,2.4,1.4,13,20,4,2,12,15,643,550,13,6,7,8,11,20,16,10,2,2,2,8,14,16,65,65
New-York-Red-Bulls-Charlotte-FC-May-29-2024-Major-League-Soccer,2024-05-29,New York Red Bulls,Charlotte FC,Major League Soccer,49%,51%,389,500,411,525,6,12,4,8,3,4,3,6,3,1,1.4,0.6,6,13,4,3,16,10,596,610,11,12,9,5,14,10,15,18,4,2,4,8,24,21,80,96
FC-Cincinnati-Nashville-SC-May-29-2024-Major-League-Soccer,2024-05-29,FC Cincinnati,Nashville SC,Major League Soccer,59%,41%,481,600,310,412,6,21,3,11,1,3,6,6,0,2,1.3,1.0,9,8,8,4,15,17,704,546,17,24,7,10,10,21,12,22,0,1,9,16,24,15,77,79
Philadelphia-Union-Toronto-FC-May-29-2024-Major-League-Soccer,2024-05-29,Philadelphia Union,Toronto FC,Major League Soccer,49%,51%,427,513,449,533,1,12,3,13,3,3,1,1,0,0,0.7,1.2,8,8,5,4,19,12,611,640,14,16,11,1,16,11,17,30,1,1,9,6,16,17,68,82
Inter-Miami-Atlanta-United-May-29-2024-Major-League-Soccer,2024-05-29,Inter Miami,Atlanta United,Major League Soccer,61%,39%,601,679,368,427,5,12,8,25,5,8,4,5,1,3,0.7,3.5,11,7,4,5,18,10,771,569,16,18,9,8,9,10,12,34,2,0,7,5,21,6,43,45
LA-Galaxy-FC-Dallas-May-29-2024-Major-League-Soccer,2024-05-29,LA Galaxy,FC Dallas,Major League Soccer,57%,43%,640,711,453,533,9,23,5,7,4,5,7,9,3,1,3.6,0.6,9,17,6,2,9,8,822,637,16,13,8,3,8,0,20,19,4,3,3,7,8,13,35,40
Seattle-Sounders-FC-Real-Salt-Lake-May-29-2024-Major-League-Soccer,2024-05-29,Seattle Sounders FC,Real Salt Lake,Major League Soccer,46%,54%,361,462,441,539,5,17,3,18,2,3,4,5,1,1,0.8,1.3,11,12,11,4,21,18,599,683,18,16,21,9,11,16,22,28,2,0,8,7,26,30,63,71
Houston-Dynamo-Colorado-Rapids-May-29-2024-Major-League-Soccer,2024-05-29,Houston Dynamo,Colorado Rapids,Major League Soccer,56%,44%,455,528,340,417,6,12,9,15,8,9,3,6,3,1,2.3,1.7,19,15,3,6,13,22,635,505,12,11,9,10,9,7,24,17,3,3,6,2,10,21,65,65
Austin-FC-Portland-Timbers-May-29-2024-Major-League-Soccer,2024-05-29,Austin FC,Portland Timbers,Major League Soccer,63%,37%,478,573,258,338,2,14,2,7,1,2,2,2,0,2,2.2,1.7,12,15,3,3,25,8,668,471,3,14,6,13,13,16,8,33,2,2,2,9,21,15,69,67
Sporting-Kansas-City-Vancouver-Whitecaps-FC-May-29-2024-Major-League-Soccer,2024-05-29,Sporting Kansas City,Vancouver Whitecaps FC,Major League Soccer,59%,41%,509,594,307,411,3,8,2,13,0,2,2,3,1,2,0.8,1.8,9,12,4,4,18,26,698,503,10,22,5,11,17,11,20,10,2,3,12,9,16,17,75,79
Chicago-Fire-Orlando-City-May-29-2024-Major-League-Soccer,2024-05-29,Chicago Fire,Orlando City,Major League Soccer,49%,51%,423,524,451,546,3,19,2,8,1,2,2,3,1,1,1.0,0.8,14,4,6,4,21,9,644,658,18,19,10,3,12,7,12,24,3,3,7,13,18,13,54,61
Los-Angeles-FC-Minnesota-United-May-29-2024-Major-League-Soccer,2024-05-29,Los Angeles FC,Minnesota United,Major League Soccer,56%,44%,412,524,309,420,4,13,1,6,1,1,3,4,2,0,2.3,0.2,11,16,7,8,17,21,647,553,16,33,14,11,18,15,19,20,4,0,12,7,18,17,85,66
New-York-City-FC-San-Jose-Earthquakes-May-31-2024-Major-League-Soccer,2024-05-31,New York City FC,San Jose Earthquakes,Major League Soccer,58%,42%,501,592,331,429,7,20,3,11,2,3,2,7,5,1,2.7,1.0,14,8,4,6,17,12,702,540,18,24,5,8,7,9,12,19,4,3,6,10,11,19,53,81
Philadelphia-Union-CF-Montreal-June-1-2024-Major-League-Soccer,2024-06-01,Philadelphia Union,CF Montréal,Major League Soccer,66%,34%,482,581,206,293,9,23,3,6,1,3,8,9,2,2,2.7,1.1,12,11,11,1,34,4,671,389,8,8,6,8,22,10,3,27,1,1,4,17,21,14,87,63
DC-United-Toronto-FC-June-1-2024-Major-League-Soccer,2024-06-01,D.C. United,Toronto FC,Major League Soccer,58%,42%,458,562,329,410,7,19,2,10,0,2,6,7,2,2,2.9,0.8,12,12,10,4,32,9,654,553,20,19,1,6,19,17,12,41,2,3,5,6,14,11,61,90
Inter-Miami-St-Louis-City-June-1-2024-Major-League-Soccer,2024-06-01,Inter Miami,St. Louis City,Major League Soccer,68%,32%,601,715,242,329,10,19,7,20,5,7,7,10,3,3,2.6,1.6,6,19,9,7,14,13,823,477,18,16,8,15,3,12,13,24,1,1,11,6,15,11,62,44
New-York-Red-Bulls-Orlando-City-June-1-2024-Major-League-Soccer,2024-06-01,New York Red Bulls,Orlando City,Major League Soccer,36%,64%,288,386,565,695,4,13,1,5,1,1,3,4,1,0,0.8,0.4,15,9,4,5,5,20,510,780,24,11,13,10,14,24,23,9,1,2,9,12,13,31,75,68
Atlanta-United-Charlotte-FC-June-2-2024-Major-League-Soccer,2024-06-02,Atlanta United,Charlotte FC,Major League Soccer,60%,40%,530,611,325,407,4,18,4,10,2,4,2,4,2,3,2.1,1.0,12,10,4,3,21,15,705,494,16,8,11,4,8,13,13,21,1,1,3,11,16,19,86,62
Los-Angeles-FC-FC-Dallas-June-1-2024-Major-League-Soccer,2024-06-01,Los Angeles FC,FC Dallas,Major League Soccer,44%,56%,438,523,561,654,9,19,3,9,3,3,8,9,1,0,1.5,0.4,6,10,8,2,20,12,638,761,18,27,11,8,2,7,18,19,1,1,6,6,17,21,56,46
Real-Salt-Lake-Austin-FC-June-1-2024-Major-League-Soccer,2024-06-01,Real Salt Lake,Austin FC,Major League Soccer,61%,39%,520,582,301,374,9,20,2,7,2,2,5,9,5,1,3.8,1.3,16,11,4,2,14,10,681,455,10,23,9,8,5,10,8,13,1,1,8,10,18,15,53,75
Minnesota-United-Sporting-Kansas-City-June-1-2024-Major-League-Soccer,2024-06-01,Minnesota United,Sporting Kansas City,Major League Soccer,46%,54%,303,409,369,477,6,13,1,12,0,1,3,6,3,1,1.6,0.7,14,16,4,4,11,15,511,594,15,18,8,14,13,24,15,16,3,4,9,7,22,25,74,93
Chicago-Fire-LA-Galaxy-June-1-2024-Major-League-Soccer,2024-06-01,Chicago Fire,LA Galaxy,Major League Soccer,36%,64%,369,443,686,780,4,11,3,13,3,3,2,4,2,1,1.0,1.5,16,6,2,5,12,15,562,858,19,16,10,7,6,9,17,9,0,0,9,7,13,18,52,56
Portland-Timbers-Houston-Dynamo-June-1-2024-Major-League-Soccer,2024-06-01,Portland Timbers,Houston Dynamo,Major League Soccer,45%,55%,343,435,429,531,3,15,3,7,1,3,1,3,2,2,1.7,1.0,19,12,7,8,19,20,553,650,20,23,12,11,19,14,18,18,1,5,5,10,15,16,79,78
Nashville-SC-New-England-Revolution-June-1-2024-Major-League-Soccer,2024-06-01,Nashville SC,New England Revolution,Major League Soccer,63%,37%,519,637,293,376,3,24,4,8,2,4,3,3,1,2,3.2,0.7,12,14,8,4,29,8,727,499,12,7,5,6,18,16,12,43,0,0,5,8,25,11,71,64
Vancouver-Whitecaps-FC-Colorado-Rapids-June-1-2024-Major-League-Soccer,2024-06-01,Vancouver Whitecaps FC,Colorado Rapids,Major League Soccer,53%,47%,441,545,390,493,3,13,3,11,2,3,1,3,2,1,2.3,1.5,6,9,3,8,25,13,646,594,18,9,14,12,13,14,21,24,1,1,6,10,20,23,87,72
New-England-Revolution-New-York-Red-Bulls-June-8-2024-Major-League-Soccer,2024-06-08,New England Revolution,New York Red Bulls,Major League Soccer,59%,41%,480,598,314,423,4,13,5,15,5,5,3,4,1,0,0.7,0.9,10,12,4,2,12,9,699,531,18,16,4,10,18,15,10,15,4,1,13,10,23,24,106,64
Minnesota-United-FC-Dallas-June-8-2024-Major-League-Soccer,2024-06-08,Minnesota United,FC Dallas,Major League Soccer,35%,65%,290,407,629,744,6,14,4,9,3,4,5,6,1,1,0.6,0.3,7,6,5,4,18,8,504,830,10,8,13,11,15,21,17,19,2,5,5,9,20,17,71,64
St-Louis-City-Portland-Timbers-June-8-2024-Major-League-Soccer,2024-06-08,St. Louis City,Portland Timbers,Major League Soccer,54%,46%,265,389,232,336,2,15,2,7,2,2,2,2,0,0,1.1,0.6,21,11,6,4,21,12,498,460,20,11,6,4,18,19,18,38,3,1,7,9,28,24,82,78
Sporting-Kansas-City-Seattle-Sounders-FC-June-8-2024-Major-League-Soccer,2024-06-08,Sporting Kansas City,Seattle Sounders FC,Major League Soccer,57%,43%,491,574,347,439,4,16,1,10,0,1,2,4,2,1,0.7,1.2,13,16,9,1,24,10,673,537,13,26,2,4,7,12,14,28,0,1,5,9,19,12,72,74
New-York-City-FC-Columbus-Crew-June-14-2024-Major-League-Soccer,2024-06-14,New York City FC,Columbus Crew,Major League Soccer,41%,59%,348,426,531,608,6,13,11,17,9,11,4,6,2,3,2.1,3.5,16,12,3,4,12,12,511,698,14,11,5,4,6,8,12,14,5,1,1,7,16,13,56,56
